{
  "hash": "de99fa8a",
  "configHash": "77aa7997",
  "lockfileHash": "de16aa05",
  "browserHash": "8e4b7755",
  "optimized": {
    "react": {
      "src": "../../node_modules/react/index.js",
      "file": "react.js",
      "fileHash": "3b8a1d15",
      "needsInterop": true
    },
    "react-dom/client": {
      "src": "../../node_modules/react-dom/client.js",
      "file": "react-dom_client.js",
      "fileHash": "f7033052",
      "needsInterop": true
    },
    "react-router-dom": {
      "src": "../../node_modules/react-router-dom/dist/index.mjs",
      "file": "react-router-dom.js",
      "fileHash": "9aa9e2ad",
      "needsInterop": false
    },
    "react-select": {
      "src": "../../node_modules/react-select/dist/react-select.esm.js",
      "file": "react-select.js",
      "fileHash": "bd8d9703",
      "needsInterop": false
    },
    "date-fns": {
      "src": "../../node_modules/date-fns/index.js",
      "file": "date-fns.js",
      "fileHash": "e23afe4a",
      "needsInterop": false
    },
    "date-fns/locale": {
      "src": "../../node_modules/date-fns/locale.js",
      "file": "date-fns_locale.js",
      "fileHash": "9a93dcfb",
      "needsInterop": false
    },
    "react-calendar": {
      "src": "../../node_modules/react-calendar/dist/esm/index.js",
      "file": "react-calendar.js",
      "fileHash": "59dc8b62",
      "needsInterop": false
    },
    "axios": {
      "src": "../../node_modules/axios/index.js",
      "file": "axios.js",
      "fileHash": "2093bc3e",
      "needsInterop": false
    }
  },
  "chunks": {
    "chunk-OAZAAUMI": {
      "file": "chunk-OAZAAUMI.js"
    },
    "chunk-PDLI7ESZ": {
      "file": "chunk-PDLI7ESZ.js"
    },
    "chunk-6GAV2S6I": {
      "file": "chunk-6GAV2S6I.js"
    },
    "chunk-DC5AMYBS": {
      "file": "chunk-DC5AMYBS.js"
    }
  }
}